<?xml version="1.0" encoding="utf-8"?>
<config>
    <protocol_name>灰度版</protocol_name>
    <protocol_sort>-1</protocol_sort>


    <protocol_host>beta.sports.lifesense.com</protocol_host>

    <websocket_host>beta.websocket.lifesense.com</websocket_host>

    <url_domain>https://${protocol_host}</url_domain>

    <cookie_domain>https://${protocol_host}/</cookie_domain>
    <websocket_host>qa.sports.lifesense.com</websocket_host>
    <static_domain>https://static.${protocol_host}/</static_domain>

	<web_domain></web_domain>

</config>