<?xml version="1.0" encoding="utf-8"?>
<config>

    <protocol_name>QA2测试</protocol_name>
    <protocol_sort>1</protocol_sort>

    <protocol_host>sports-qa2.lifesense.com</protocol_host>
    <url_domain>https://${protocol_host}</url_domain>
    <cookie_domain>https://${protocol_host}/</cookie_domain>
    <websocket_host>socket-qa2.lifesense.com</websocket_host>
    <TINYUN_APPKEY>f52b76ba6d614588b989a142bea8f1ce</TINYUN_APPKEY>
    <static_domain>https://static-qa2.lifesense.com/</static_domain>

    <web_domain></web_domain>
</config>

